"OBJECTID","FULLNAME_L","FULLNAME_R","CITY_L","CITY_R","ZIP_L","ZIP_R","ROLL_LEN","Shape_Length","WKT"
71665,"ST Light Rail","ST Light Rail","Seattle","Seattle",98134,98134,126.172,126.171818767217,"LINESTRING (-122.322789 47.57745, -122.322282 47.577493)"
74778,"Transit Tunnel AcRd","Transit Tunnel AcRd","Seattle","Seattle",98104,98104,86.117,86.1169729283494,"LINESTRING (-122.32815 47.596356, -122.328071 47.596586)"
78413,"ST Light Rail","ST Light Rail","SeaTac","SeaTac",98188,98188,168.702,168.701618918909,"LINESTRING (-122.297702 47.425096, -122.297747 47.424635)"
78414,"ST Light Rail","ST Light Rail","SeaTac","SeaTac",98188,98188,188.665,188.664846749008,"LINESTRING (-122.297062 47.447982, -122.297052 47.447889, -122.297007 47.447572, -122.296994 47.447467)"
83422,"ST Light Rail","ST Light Rail","Tukwila","Tukwila",98188,98188,12390.164,12390.164056229,"LINESTRING (-122.27633 47.48573, -122.274496 47.48445, -122.27415 47.484196, -122.273934 47.484019, -122.273766 47.483863, -122.273599 47.483685, -122.27345 47.483499, -122.273354 47.48336, -122.273268 47.483219, -122.273192 47.483075, -122.273127 47.482929, -122.273072 47.482781, -122.273028 47.482631, -122.272995 47.48248, -122.272972 47.482328, -122.272959 47.48208, -122.272975 47.481811, -122.273008 47.481563, -122.273128 47.480823, -122.273148 47.480647, -122.273159 47.48045, -122.273153 47.48021, -122.273127 47.47997, -122.273081 47.479731, -122.273021 47.479516, -122.272969 47.479367, -122.272909 47.479219, -122.272831 47.479051, -122.272738 47.478871, -122.27101 47.475761, -122.270519 47.474875, -122.270381 47.474609, -122.270251 47.47434, -122.270112 47.474031, -122.269983 47.47372, -122.26985 47.473368, -122.269744 47.473054, -122.269615 47.472618, -122.269498 47.47214, -122.268954 47.469555, -122.268885 47.469171, -122.268862 47.468969, -122.268851 47.468793, -122.268849 47.468616, -122.268855 47.468436, -122.268984 47.46701, -122.269005 47.466846, -122.26903 47.46671, -122.269068 47.466575, -122.269111 47.466465, -122.269164 47.466358, -122.269237 47.46624, -122.269312 47.466139, -122.269408 47.466029, -122.269504 47.465936, -122.269622 47.465837, -122.269721 47.465764, -122.269826 47.465696, -122.269938 47.465631, -122.270054 47.465571, -122.270175 47.465516, -122.270301 47.465465, -122.27045 47.465414, -122.270585 47.465374, -122.270722 47.46534, -122.270862 47.465312, -122.271128 47.465274, -122.271423 47.465254, -122.271771 47.465251, -122.272006 47.465261, -122.272264 47.465283, -122.272495 47.465312, -122.272723 47.46535, -122.273073 47.465426, -122.275081 47.4659, -122.275399 47.465964, -122.275712 47.466013, -122.275943 47.466039, -122.276175 47.466058, -122.276408 47.466069, -122.27667 47.466073, -122.276904 47.466069, -122.277137 47.466057, -122.277369 47.466037, -122.277599 47.46601, -122.277855 47.465971, -122.278108 47.465922, -122.278357 47.465865, -122.278617 47.465794, -122.278908 47.465706, -122.279193 47.46561, -122.279471 47.465505, -122.279712 47.465405, -122.279919 47.465312, -122.280149 47.465201, -122.280373 47.465083, -122.28059 47.46496, -122.280893 47.46477, -122.281695 47.464233, -122.28192 47.464096, -122.282132 47.463981, -122.282427 47.463839, -122.282736 47.463711, -122.283058 47.463598, -122.28339 47.4635, -122.283616 47.463444, -122.283846 47.463395, -122.284109 47.463348, -122.284345 47.463314, -122.284583 47.463287, -122.284853 47.463266, -122.285117 47.463255, -122.285324 47.463254, -122.285479 47.463262, -122.285626 47.463276, -122.285772 47.463298, -122.285932 47.463332, -122.286189 47.463406, -122.286658 47.463571)"
85540,"Westlake Sta AcRd","Westlake Sta AcRd","Seattle","Seattle",98101,98101,554.504,554.504292354493,"LINESTRING (-122.337907 47.611014, -122.337406 47.611155, -122.335959 47.611765)"
87600,"ST Light Rail","ST Light Rail","Seattle","Seattle",98144,98144,5268.728,5268.72805697772,"LINESTRING (-122.300131 47.578061, -122.301641 47.578317, -122.301935 47.578368, -122.302105 47.578399, -122.302212 47.578421, -122.30239 47.578459, -122.302601 47.578508, -122.302741 47.578543, -122.302846 47.57857, -122.302949 47.578598, -122.303087 47.578637, -122.303257 47.578689, -122.303428 47.578744, -122.303655 47.578819, -122.306402 47.579742, -122.306851 47.579887, -122.307187 47.579977, -122.307427 47.580029, -122.307588 47.580058, -122.307752 47.580083, -122.307889 47.580101, -122.308027 47.580116, -122.308165 47.580128, -122.308304 47.580137, -122.308444 47.580143, -122.308555 47.580145, -122.308667 47.580146, -122.308806 47.580144, -122.308974 47.580139, -122.309168 47.580126, -122.309279 47.580117, -122.309389 47.580105, -122.309527 47.580088, -122.309636 47.580073, -122.309772 47.58005, -122.309906 47.580025, -122.310013 47.580003, -122.310119 47.579979, -122.310276 47.57994, -122.31048 47.579883, -122.310682 47.579823, -122.311467 47.579581, -122.31268 47.579207, -122.312925 47.579131, -122.313169 47.579051, -122.313366 47.578981, -122.313474 47.57894, -122.313581 47.578897, -122.313687 47.578853, -122.313848 47.578782, -122.314069 47.578677, -122.314287 47.578569, -122.315481 47.577974, -122.315777 47.577829, -122.316018 47.577721, -122.316179 47.577658, -122.316344 47.577599, -122.316488 47.577554, -122.316685 47.577498, -122.31686 47.577456, -122.317038 47.577419, -122.317167 47.577396, -122.31727 47.57738, -122.317374 47.577365, -122.317479 47.577352, -122.317584 47.577342, -122.31769 47.577333, -122.317796 47.577326, -122.317902 47.577321, -122.318008 47.577317, -122.318115 47.577316, -122.318221 47.577316, -122.318354 47.57732, -122.31846 47.577324, -122.318616 47.577335, -122.318772 47.577348, -122.318927 47.577364, -122.319808 47.577455)"
89768,"ST Light Rail","ST Light Rail","SeaTac","SeaTac",98188,98188,169.033,169.03300679998,"LINESTRING (-122.297687 47.424633, -122.297641 47.425096)"
89769,"ST Light Rail","ST Light Rail","SeaTac","SeaTac",98188,98188,188.225,188.2252987841,"LINESTRING (-122.296994 47.447467, -122.296997 47.447983)"
89771,"ST Light Rail","ST Light Rail","Seattle","Seattle",98118,98118,864.416,864.415763040422,"LINESTRING (-122.279689 47.521279, -122.279816 47.520803, -122.279862 47.520599, -122.279904 47.520326, -122.279924 47.520076, -122.279923 47.519779, -122.2799 47.519505, -122.279856 47.519233, -122.279783 47.518927)"
89772,"ST Light Rail","ST Light Rail","Tukwila","Tukwila",98168,98168,156.693,156.692930854482,"LINESTRING (-122.27633 47.48573, -122.276526 47.485898, -122.276723 47.486067)"
90051,"Transit Tunnel AcRd","Transit Tunnel AcRd","Seattle","Seattle",98104,98104,36.68693518,36.6869351930354,"LINESTRING (-122.328211 47.596605, -122.328178 47.596588, -122.328127 47.596585, -122.328071 47.596586)"
90325,"ST Light Rail","ST Light Rail","Seattle","Seattle",98134,98134,125.538,125.538481437781,"LINESTRING (-122.325963 47.577594, -122.325457 47.57756)"
90327,"ST Light Rail","ST Light Rail","Seattle","Seattle",98134,98134,196.581,196.581484443481,"LINESTRING (-122.327093 47.590312, -122.327173 47.589776)"
97267,"ST Light Rail","ST Light Rail","SeaTac","SeaTac",98188,98188,188.197,188.197458845253,"LINESTRING (-122.297062 47.447982, -122.297056 47.447466)"
97315,"ST Light Rail","ST Light Rail","Seattle","Seattle",98144,98144,5204.752,5204.75212014935,"LINESTRING (-122.319833 47.577352, -122.318815 47.57723, -122.318555 47.577207, -122.318318 47.577195, -122.318027 47.577193, -122.317736 47.577206, -122.317448 47.577232, -122.317162 47.577272, -122.316958 47.57731, -122.316757 47.577356, -122.31656 47.577408, -122.316368 47.577466, -122.316042 47.577579, -122.313604 47.578458, -122.313109 47.578628, -122.312564 47.578803, -122.310013 47.579588, -122.309813 47.579644, -122.309607 47.579695, -122.309422 47.579735, -122.309207 47.579774, -122.309017 47.579802, -122.308797 47.579827, -122.308576 47.579845, -122.308354 47.579855, -122.308132 47.579858, -122.30791 47.579853, -122.307716 47.579842, -122.307495 47.579823, -122.307303 47.579801, -122.307086 47.579768, -122.306898 47.579733, -122.306686 47.579687, -122.306429 47.579619, -122.306134 47.579529, -122.303327 47.578587, -122.303066 47.578502, -122.302837 47.578435, -122.30243 47.578336, -122.302008 47.578248, -122.301663 47.578193, -122.300149 47.577996)"
97317,"ST Light Rail","ST Light Rail","Seattle","Seattle",98118,98118,146.137,146.136775455727,"LINESTRING (-122.279689 47.521279, -122.279635 47.521406, -122.279635 47.521407, -122.279606 47.521475, -122.279526 47.521664)"
98279,"ST Light Rail","ST Light Rail","Seattle","Seattle",98195,98195,241.884,241.883579658046,"LINESTRING (-122.303884 47.649705, -122.303869 47.649191, -122.303834 47.649043)"
98280,"ST Light Rail","ST Light Rail","Seattle","Seattle",98134,98134,196.538,196.537848123715,"LINESTRING (-122.327252 47.590312, -122.327173 47.589776)"
98281,"ST Light Rail","ST Light Rail","Seattle","Seattle",98134,98134,767.438,767.43768118888,"LINESTRING (-122.327252 47.590312, -122.327252 47.589725, -122.327256 47.589601, -122.327265 47.589478, -122.32728 47.589373, -122.327302 47.589251, -122.327321 47.589159, -122.327351 47.589018, -122.327375 47.588896, -122.32739 47.588804, -122.327404 47.588693, -122.327413 47.58839, -122.327413 47.588214)"
98282,"Capitol Hill Sta AcRd","Capitol Hill Sta AcRd","Seattle","Seattle",98102,98102,541.695,541.695241268188,"LINESTRING (-122.320286 47.619812, -122.320266 47.618327)"
98331,"ST Light Rail","ST Light Rail","Seattle","Seattle",98112,98112,11509.157,11509.1573524047,"LINESTRING (-122.303826 47.648779, -122.303791 47.647518, -122.303786 47.647227, -122.303787 47.646856, -122.303803 47.646431, -122.303836 47.646027, -122.30388 47.645567, -122.303944 47.645132, -122.304013 47.644712, -122.304098 47.644302, -122.304195 47.643874, -122.304312 47.643419, -122.304459 47.64293, -122.304615 47.642475, -122.304801 47.641981, -122.305044 47.641409, -122.305267 47.640935, -122.305547 47.64038, -122.305851 47.639841, -122.306144 47.639365, -122.306484 47.638842, -122.306861 47.63832, -122.307247 47.637819, -122.307642 47.637333, -122.308064 47.636813, -122.308538 47.636239, -122.314013 47.629555, -122.315206 47.628095, -122.315878 47.627277, -122.316712 47.626258, -122.318315 47.624303, -122.318787 47.623725, -122.319042 47.62341, -122.319233 47.623154, -122.319461 47.622818, -122.319637 47.622515, -122.319829 47.622132, -122.31999 47.621746, -122.320118 47.621328, -122.320212 47.620913, -122.32026 47.620591, -122.320285 47.620234, -122.320286 47.619812)"
98558,"ST Light Rail","ST Light Rail","SeaTac","SeaTac",98188,98188,189.119,189.11923562858,"LINESTRING (-122.297056 47.447466, -122.297047 47.44759, -122.297008 47.447864, -122.296997 47.447983)"
98559,"ST Light Rail","ST Light Rail","SeaTac","SeaTac",98188,98188,8218.718,8218.71791168507,"LINESTRING (-122.296997 47.447983, -122.297 47.448425, -122.297001 47.448568, -122.29701 47.448701, -122.29704 47.448834, -122.297069 47.448946, -122.297112 47.449058, -122.297172 47.449182, -122.297231 47.449281, -122.297304 47.449387, -122.297374 47.449474, -122.297478 47.449581, -122.297556 47.449655, -122.297624 47.44971, -122.297702 47.449771, -122.297791 47.449837, -122.297911 47.449919, -122.298034 47.449998, -122.298158 47.450078, -122.298603 47.450362, -122.29884 47.450516, -122.298982 47.450617, -122.299137 47.450733, -122.299229 47.450808, -122.299359 47.450924, -122.299482 47.451039, -122.299623 47.451186, -122.299749 47.451326, -122.299863 47.451476, -122.299959 47.451609, -122.300047 47.451745, -122.300134 47.451898, -122.30021 47.452064, -122.300268 47.452202, -122.300317 47.452345, -122.300359 47.452509, -122.300393 47.452681, -122.300419 47.452835, -122.300434 47.452995, -122.300434 47.453134, -122.300435 47.453318, -122.300421 47.4559, -122.300414 47.456185, -122.300404 47.45635, -122.300382 47.456541, -122.30036 47.456669, -122.300322 47.456832, -122.300273 47.456995, -122.300214 47.457155, -122.300144 47.457314, -122.300065 47.457471, -122.299975 47.457625, -122.299875 47.457776, -122.299766 47.457924, -122.299647 47.458069, -122.299519 47.45821, -122.299392 47.458337, -122.299268 47.458452, -122.299105 47.458593, -122.29887 47.458784, -122.296218 47.460879, -122.29338 47.46312, -122.293311 47.463174, -122.293243 47.463228, -122.293174 47.463282, -122.293174 47.463282, -122.293104 47.463336, -122.293035 47.463389, -122.292995 47.463418, -122.292964 47.463442, -122.292892 47.463494, -122.29282 47.463545, -122.292746 47.463596, -122.292671 47.463646, -122.292574 47.463709, -122.29239 47.463819, -122.292199 47.463923, -122.292002 47.464022, -122.291799 47.464115, -122.29159 47.464202, -122.291375 47.464282, -122.291232 47.464332, -122.29105 47.464389, -122.290865 47.464441, -122.29077 47.464464, -122.290675 47.464485, -122.290574 47.464504, -122.290481 47.464519, -122.290382 47.464532, -122.290283 47.464541, -122.290154 47.464549, -122.290006 47.464551, -122.289859 47.464546, -122.289712 47.464533, -122.289567 47.464513, -122.289425 47.464486, -122.289302 47.464456, -122.289198 47.464427, -122.289095 47.464394, -122.288994 47.46436, -122.288651 47.464237, -122.287022 47.463653)"
98591,"ST Light Rail","ST Light Rail","SeaTac","SeaTac",98198,98198,1469.408,1469.40816802788,"LINESTRING (-122.297641 47.420607, -122.297672 47.421085, -122.297698 47.422019, -122.297709 47.422748, -122.297725 47.423229, -122.297728 47.423481, -122.297735 47.423974, -122.297727 47.424164, -122.297687 47.424633)"
98622,"ST Light Rail","ST Light Rail","Seattle","Seattle",98134,98134,732.8,732.800441791384,"LINESTRING (-122.322789 47.57745, -122.321149 47.57746, -122.320865 47.577456, -122.32062 47.577442, -122.320357 47.577415, -122.319833 47.577352)"
98689,"ST Light Rail","ST Light Rail","Seattle","Seattle",98118,98118,123.729,123.729132094123,"LINESTRING (-122.279579 47.518347, -122.279635 47.518483, -122.279646 47.518511, -122.279658 47.518538, -122.279718 47.518673)"
98690,"ST Light Rail","ST Light Rail","Seattle","Seattle",98118,98118,146.086,146.085654027202,"LINESTRING (-122.279642 47.521678, -122.279666 47.521479, -122.279666 47.521476, -122.279666 47.521476, -122.279674 47.521411, -122.279689 47.521279)"
98691,"ST Light Rail","ST Light Rail","Seattle","Seattle",98118,98118,94.18,94.1798121157841,"LINESTRING (-122.279718 47.518673, -122.279783 47.518927)"
99133,"ST Light Rail","ST Light Rail","Seattle","Seattle",98118,98118,1155.169,1155.16855746822,"LINESTRING (-122.279642 47.521678, -122.279862 47.520857, -122.279915 47.520639, -122.279965 47.520346, -122.279992 47.520026, -122.279994 47.519854, -122.279988 47.519681, -122.279971 47.519485, -122.279947 47.519313, -122.279886 47.519021, -122.279751 47.518543)"
99140,"ST Light Rail","ST Light Rail","Seattle","Seattle",98134,98134,101.835,101.834577869153,"LINESTRING (-122.325457 47.57756, -122.325046 47.577532)"
99189,"Capitol Hill Sta AcRd","Capitol Hill Sta AcRd","Seattle","Seattle",98102,98102,541.695,541.695238704069,"LINESTRING (-122.320117 47.618329, -122.320137 47.619814)"
99191,"University of WA Sta AcRd","University of WA Sta AcRd","Seattle","Seattle",98195,98195,280.729,280.729000002146,"LINESTRING (-122.303674 47.6493, -122.303696 47.650069)"
99302,"ST Light Rail","ST Light Rail","Tukwila","Tukwila",98188,98188,94.742,94.7422990629223,"LINESTRING (-122.286992 47.463691, -122.28684 47.463612, -122.286688 47.463533)"
100242,"ST Light Rail","ST Light Rail","Tukwila","Tukwila",98188,98188,94.738,94.7377908498909,"LINESTRING (-122.287022 47.463653, -122.28684 47.463612, -122.286658 47.463571)"
100513,"ST Light Rail","ST Light Rail","SeaTac","SeaTac",98198,98198,168.916,168.915617517922,"LINESTRING (-122.297702 47.425096, -122.297705 47.424963, -122.297687 47.424779, -122.297686 47.424693, -122.297687 47.424633)"
101015,"ST Light Rail","ST Light Rail","Tukwila","Tukwila",98168,98168,15069.302,15069.3016621893,"LINESTRING (-122.276723 47.486067, -122.280343 47.488595, -122.280543 47.488743, -122.280706 47.488872, -122.280857 47.489002, -122.28101 47.489145, -122.281238 47.489387, -122.281441 47.489639, -122.281617 47.489899, -122.281766 47.490168, -122.281879 47.490421, -122.281968 47.490679, -122.282036 47.490955, -122.28211 47.491354, -122.282552 47.493881, -122.282636 47.494268, -122.282713 47.494517, -122.282818 47.494761, -122.28295 47.494999, -122.283109 47.49523, -122.283293 47.495451, -122.283403 47.495566, -122.28352 47.495678, -122.283755 47.495876, -122.284012 47.496061, -122.284245 47.496208, -122.284511 47.496359, -122.285612 47.496934, -122.285974 47.497133, -122.286153 47.497241, -122.286351 47.497369, -122.286518 47.497486, -122.286678 47.497607, -122.286854 47.49775, -122.287041 47.497916, -122.287217 47.498088, -122.287381 47.498265, -122.287517 47.498426, -122.287659 47.498612, -122.287774 47.498781, -122.287891 47.498975, -122.287984 47.499149, -122.288067 47.499327, -122.288139 47.499506, -122.288201 47.499689, -122.288279 47.499968, -122.288657 47.501459, -122.288723 47.501685, -122.288797 47.501897, -122.288927 47.502215, -122.290008 47.504653, -122.290107 47.5049, -122.290155 47.505061, -122.290182 47.505227, -122.290185 47.50538, -122.290164 47.505547, -122.290132 47.505671, -122.290086 47.505793, -122.290027 47.505912, -122.289964 47.506015, -122.28988 47.506128, -122.289795 47.506223, -122.289689 47.506326, -122.289585 47.506413, -122.289458 47.506505, -122.289337 47.506581, -122.289192 47.506659, -122.289056 47.506722, -122.288896 47.506786, -122.288748 47.506836, -122.288576 47.506883, -122.28842 47.506918, -122.288281 47.506942, -122.288122 47.506963, -122.287921 47.506982, -122.28771 47.506997, -122.281342 47.50732, -122.281013 47.507339, -122.280709 47.50737, -122.280426 47.507417, -122.28015 47.507482, -122.279886 47.507567, -122.279692 47.507644, -122.27949 47.50774, -122.2793 47.507847, -122.27914 47.507954, -122.278993 47.508069, -122.278847 47.508204, -122.278718 47.508347, -122.278617 47.508483, -122.278531 47.508624, -122.278469 47.508754, -122.278415 47.508902, -122.278378 47.509052, -122.278361 47.509171, -122.278352 47.50932, -122.27837 47.510094, -122.278397 47.510537, -122.27844 47.510946, -122.278598 47.512228, -122.278773 47.513404, -122.278807 47.513749, -122.278859 47.514522, -122.278991 47.515608, -122.279031 47.515827, -122.279232 47.516804, -122.279439 47.517702, -122.279579 47.518347)"
101016,"ST Light Rail","ST Light Rail","Seattle","Seattle",98118,98118,117.86,117.860227471628,"LINESTRING (-122.279638 47.518354, -122.279718 47.518673)"
101329,"ST Light Rail","ST Light Rail","Seattle","Seattle",98134,98134,456.54,456.539788361766,"LINESTRING (-122.325046 47.577532, -122.324238 47.577477, -122.323989 47.577461, -122.323747 47.577452, -122.323461 47.57745, -122.323202 47.57745)"
101330,"ST Light Rail","ST Light Rail","SeaTac","SeaTac",98198,98198,1473.155,1473.15506196886,"LINESTRING (-122.297747 47.424635, -122.29786 47.423564, -122.297882 47.423378, -122.297885 47.423235, -122.297868 47.422748, -122.297856 47.422016, -122.297843 47.42168, -122.297828 47.421521, -122.297808 47.421333, -122.297751 47.420903, -122.297711 47.420604)"
101331,"ST Light Rail","ST Light Rail","SeaTac","SeaTac",98188,98188,8251.513,8251.51303947931,"LINESTRING (-122.286992 47.463691, -122.288653 47.464287, -122.289026 47.464418, -122.28917 47.464465, -122.289311 47.464503, -122.289492 47.464544, -122.289637 47.464567, -122.289766 47.464582, -122.289932 47.464592, -122.290075 47.464594, -122.29023 47.464589, -122.290413 47.46457, -122.290597 47.464544, -122.290748 47.464514, -122.290943 47.464467, -122.291155 47.464407, -122.291405 47.464321, -122.291604 47.464247, -122.291833 47.464151, -122.292039 47.464057, -122.292249 47.463954, -122.292431 47.463852, -122.292718 47.463676, -122.292974 47.463498, -122.296266 47.460907, -122.298917 47.458813, -122.299253 47.458536, -122.299518 47.458289, -122.29965 47.458149, -122.299773 47.458006, -122.299887 47.457858, -122.299991 47.457708, -122.300086 47.457554, -122.30017 47.457398, -122.300245 47.45724, -122.300309 47.457079, -122.300363 47.456917, -122.300406 47.456753, -122.300439 47.456588, -122.300463 47.4564, -122.300478 47.456185, -122.300484 47.455898, -122.300498 47.453317, -122.3005 47.453167, -122.300495 47.45301, -122.300484 47.452839, -122.300458 47.452665, -122.300424 47.45251, -122.300382 47.452353, -122.30032 47.452174, -122.30025 47.452001, -122.300179 47.451852, -122.300088 47.451693, -122.299997 47.451551, -122.299888 47.451403, -122.299764 47.451244, -122.299583 47.451042, -122.299425 47.450896, -122.299283 47.450777, -122.299221 47.450724, -122.299071 47.450611, -122.298926 47.450508, -122.298792 47.450416, -122.298562 47.45027, -122.298114 47.449984, -122.297907 47.449848, -122.297768 47.44975, -122.297694 47.449693, -122.297625 47.449637, -122.297549 47.449568, -122.297448 47.449464, -122.297361 47.449362, -122.297302 47.449277, -122.297252 47.449197, -122.297202 47.449106, -122.297163 47.449014, -122.297125 47.448908, -122.297102 47.448824, -122.29708 47.448718, -122.29707 47.448581, -122.297066 47.448381, -122.297062 47.447982)"
101361,"Westlake Sta AcRd","Westlake Sta AcRd","Seattle","Seattle",98181,98181,550.125,550.125179102564,"LINESTRING (-122.33797 47.611107, -122.337937 47.611124, -122.337581 47.611345, -122.336129 47.61195)"
101364,"Transit Tunnel AcRd","Transit Tunnel AcRd","Seattle","Seattle",98104,98104,361.55,361.550077360924,"LINESTRING (-122.328071 47.596586, -122.328103 47.597293, -122.328074 47.597354, -122.328011 47.59742, -122.327949 47.597477, -122.327918 47.597544)"
101366,"ST Light Rail","ST Light Rail","Seattle","Seattle",98134,98134,101.897,101.897103505476,"LINESTRING (-122.323202 47.57745, -122.322789 47.57745)"
101367,"ST Light Rail","ST Light Rail","Tukwila","Tukwila",98188,98188,93.441,93.4411434491504,"LINESTRING (-122.287022 47.463653, -122.286688 47.463533)"
102206,"ST Light Rail","ST Light Rail","Seattle","Seattle",98134,98134,643.137,643.137352890242,"LINESTRING (-122.322282 47.577493, -122.323462 47.577493, -122.323675 47.577494, -122.323919 47.577501, -122.32423 47.57752, -122.324883 47.577564)"
102334,"ST Light Rail","ST Light Rail","Tukwila","Tukwila",98188,98188,93.402,93.4021951217501,"LINESTRING (-122.286658 47.463571, -122.286992 47.463691)"
102339,"ST Light Rail","ST Light Rail","Seattle","Seattle",98118,98118,140.419,140.418912829152,"LINESTRING (-122.279783 47.518927, -122.279772 47.518768, -122.279767 47.518708, -122.279763 47.518664, -122.279751 47.518543)"
102340,"ST Light Rail","ST Light Rail","Tukwila","Tukwila",98168,98168,15156.603,15156.6028810457,"LINESTRING (-122.279751 47.518543, -122.279547 47.517832, -122.279394 47.517235, -122.279273 47.516691, -122.279064 47.515658, -122.279028 47.515412, -122.278926 47.51455, -122.27887 47.513727, -122.27884 47.513422, -122.278662 47.512224, -122.278472 47.51065, -122.278446 47.510331, -122.278431 47.510009, -122.278416 47.50932, -122.278425 47.509175, -122.278441 47.509058, -122.278473 47.508925, -122.278524 47.508779, -122.278592 47.508636, -122.278667 47.508511, -122.278776 47.508364, -122.278892 47.508236, -122.279035 47.508102, -122.279179 47.507989, -122.279353 47.507873, -122.279523 47.507777, -122.279722 47.507682, -122.279912 47.507606, -122.280173 47.507523, -122.280444 47.507458, -122.280722 47.507412, -122.281019 47.507382, -122.281339 47.507363, -122.287709 47.50704, -122.287926 47.507025, -122.288132 47.507006, -122.288295 47.506984, -122.288437 47.506959, -122.288596 47.506924, -122.28877 47.506876, -122.28892 47.506826, -122.289082 47.506762, -122.289237 47.50669, -122.289384 47.50661, -122.289521 47.506523, -122.289635 47.50644, -122.28974 47.506352, -122.289848 47.506247, -122.289944 47.506138, -122.290028 47.506023, -122.290091 47.505919, -122.29015 47.505798, -122.290196 47.505674, -122.290225 47.505562, -122.290247 47.505393, -122.290245 47.505223, -122.290218 47.505055, -122.290169 47.504889, -122.290066 47.504635, -122.289008 47.502247, -122.288862 47.501895, -122.288783 47.501668, -122.28872 47.50145, -122.288343 47.499963, -122.288263 47.499677, -122.288199 47.499492, -122.288127 47.499311, -122.288043 47.499133, -122.287949 47.498957, -122.287845 47.498784, -122.287715 47.498593, -122.287589 47.498426, -122.287436 47.498243, -122.287271 47.498065, -122.287094 47.497892, -122.286905 47.497724, -122.286728 47.497581, -122.286567 47.497459, -122.286399 47.497341, -122.286225 47.497227, -122.28602 47.497103, -122.285649 47.496899, -122.284548 47.496324, -122.284288 47.496176, -122.284059 47.496032, -122.283802 47.495847, -122.283673 47.495742, -122.28355 47.495633, -122.283341 47.495421, -122.283157 47.4952, -122.283 47.494969, -122.282869 47.49473, -122.282767 47.494485, -122.282688 47.494222, -122.282607 47.493829, -122.282171 47.491336, -122.282099 47.490949, -122.282029 47.490667, -122.281932 47.490388, -122.281817 47.490136, -122.281667 47.489869, -122.28149 47.489609, -122.281287 47.489359, -122.281059 47.489118, -122.280907 47.488976, -122.280757 47.488847, -122.280593 47.488716, -122.280388 47.488565, -122.276768 47.486036)"
104096,"ST Light Rail","ST Light Rail","Seattle","Seattle",98112,98112,11512.191,11512.1911292669,"LINESTRING (-122.320137 47.619814, -122.320136 47.620199, -122.320121 47.620448, -122.320092 47.620719, -122.320037 47.621033, -122.319974 47.621293, -122.319872 47.621619, -122.31975 47.621943, -122.319599 47.622285, -122.319417 47.622616, -122.319218 47.622937, -122.318996 47.623243, -122.318803 47.623483, -122.317459 47.625123, -122.31463 47.62857, -122.312358 47.631345, -122.310662 47.633416, -122.308606 47.635929, -122.308065 47.636588, -122.30767 47.637072, -122.307341 47.63747, -122.307004 47.637893, -122.306705 47.638287, -122.306448 47.638645, -122.306215 47.638979, -122.305961 47.639369, -122.305735 47.639743, -122.305488 47.640171, -122.305175 47.640765, -122.304899 47.641352, -122.304664 47.641899, -122.304475 47.642397, -122.30429 47.642936, -122.304131 47.643477, -122.303999 47.643989, -122.303877 47.644564, -122.303782 47.645108, -122.303714 47.6456, -122.303664 47.646097, -122.303633 47.646593, -122.303617 47.647139, -122.303624 47.647688, -122.30366 47.648786)"
104230,"ST Light Rail","ST Light Rail","Seattle","Seattle",98134,98134,573.972,573.972349823134,"LINESTRING (-122.327173 47.589776, -122.327173 47.589594, -122.327175 47.589424, -122.327181 47.589306, -122.327191 47.589223, -122.327204 47.589141, -122.327233 47.589007, -122.327268 47.588873, -122.327306 47.588731, -122.327327 47.58865, -122.327347 47.588564, -122.327359 47.588502, -122.327372 47.588434, -122.327413 47.588214)"
104276,"ST Light Rail","ST Light Rail","Seattle","Seattle",98101,98101,125.453,125.452597979514,"LINESTRING (-122.333156 47.613143, -122.332727 47.613328)"
104598,"University of WA Sta AcRd","University of WA Sta AcRd","Seattle","Seattle",98195,98195,82.293,82.2933992425833,"LINESTRING (-122.303847 47.649522, -122.303843 47.649296)"
104599,"ST Light Rail","ST Light Rail","Seattle","Seattle",98195,98195,193.488,193.487988382159,"LINESTRING (-122.303674 47.6493, -122.303826 47.648779)"
105090,"ST Light Rail","ST Light Rail","Tukwila","Tukwila",98168,98168,155.602,155.602417707888,"LINESTRING (-122.276768 47.486036, -122.27633 47.48573)"
105525,"ST Light Rail","ST Light Rail","Seattle","Seattle",98195,98195,191.557,191.557354318233,"LINESTRING (-122.30366 47.648786, -122.303843 47.649296)"
105527,"ST Light Rail","ST Light Rail","Seattle","Seattle",98134,98134,126.452,126.451645358511,"LINESTRING (-122.325963 47.577594, -122.325707 47.577599, -122.325451 47.577603)"
106066,"ST Light Rail","ST Light Rail","Seattle","Seattle",98122,98122,4015.692,4015.69240878012,"LINESTRING (-122.331731 47.613575, -122.331443 47.613696, -122.331337 47.61373, -122.331237 47.613754, -122.331116 47.613778, -122.330976 47.613797, -122.330835 47.613807, -122.330714 47.613812, -122.330585 47.61381, -122.330458 47.613804, -122.3303 47.613791, -122.329901 47.613737, -122.328351 47.613493, -122.328054 47.613449, -122.3278 47.613415, -122.327535 47.613388, -122.327213 47.613367, -122.326948 47.613355, -122.326562 47.613354, -122.326131 47.613369, -122.325701 47.613402, -122.32527 47.613463, -122.324813 47.613545, -122.324362 47.61365, -122.32401 47.61375, -122.323659 47.613865, -122.323358 47.613981, -122.323052 47.61411, -122.322707 47.614278, -122.322426 47.614435, -122.322144 47.614604, -122.321877 47.614789, -122.321632 47.61498, -122.321393 47.615186, -122.321163 47.61541, -122.320937 47.615667, -122.320706 47.615972, -122.320572 47.616195, -122.320451 47.616412, -122.320327 47.616684, -122.32023 47.616974, -122.320149 47.617326, -122.320109 47.61767, -122.32011 47.618014, -122.320117 47.618329)"
107097,"ST Light Rail","ST Light Rail","Seattle","Seattle",98118,98118,1220.538,1220.53826967203,"LINESTRING (-122.279579 47.518347, -122.279765 47.519218, -122.279806 47.519436, -122.279842 47.519751, -122.27985 47.520043, -122.279831 47.520359, -122.279783 47.520673, -122.279729 47.520904, -122.279526 47.521664)"
107098,"ST Light Rail","ST Light Rail","Tukwila","Tukwila",98168,98168,156.03,156.030222206584,"LINESTRING (-122.276768 47.486036, -122.276526 47.485898, -122.276285 47.485761)"
107877,"ST Light Rail","ST Light Rail","Tukwila","Tukwila",98168,98168,155.53,155.530238574042,"LINESTRING (-122.276285 47.485761, -122.276723 47.486067)"
107878,"ST Light Rail","ST Light Rail","Seattle","Seattle",98134,98134,611.437,611.43715938384,"LINESTRING (-122.319808 47.577455, -122.319926 47.577467, -122.32016 47.577485, -122.320374 47.577489, -122.320759 47.577498, -122.321226 47.577495, -122.322282 47.577493)"
107879,"ST Light Rail","ST Light Rail","Tukwila","Tukwila",98188,98188,12434.9,12434.9001638909,"LINESTRING (-122.286688 47.463533, -122.286218 47.463367, -122.286079 47.463324, -122.285955 47.463292, -122.285794 47.463258, -122.285649 47.463235, -122.285501 47.46322, -122.285334 47.463211, -122.285114 47.463212, -122.284846 47.463223, -122.284573 47.463245, -122.284333 47.463271, -122.284094 47.463306, -122.283829 47.463353, -122.283597 47.463403, -122.283368 47.46346, -122.283033 47.463558, -122.282708 47.463672, -122.282396 47.463801, -122.282097 47.463944, -122.281883 47.464061, -122.281699 47.464171, -122.280827 47.464753, -122.280522 47.464943, -122.280304 47.465065, -122.280108 47.465168, -122.279907 47.465266, -122.279671 47.465372, -122.279399 47.465483, -122.279151 47.465576, -122.278866 47.465672, -122.278575 47.46576, -122.278326 47.465826, -122.278078 47.465883, -122.277827 47.465931, -122.277572 47.46597, -122.277343 47.465996, -122.277112 47.466015, -122.276881 47.466026, -122.276649 47.46603, -122.276416 47.466026, -122.276185 47.466015, -122.275954 47.465997, -122.275725 47.46597, -122.275414 47.465922, -122.2751 47.465859, -122.273097 47.465386, -122.272736 47.465308, -122.272479 47.465266, -122.272244 47.465237, -122.272007 47.465218, -122.271769 47.465208, -122.271428 47.46521, -122.271118 47.465232, -122.270974 47.46525, -122.27083 47.465273, -122.270689 47.465303, -122.27055 47.465338, -122.270395 47.465384, -122.270264 47.46543, -122.270137 47.465481, -122.270014 47.465537, -122.269896 47.465598, -122.269784 47.465664, -122.269678 47.465733, -122.269577 47.465807, -122.269457 47.465907, -122.269349 47.466013, -122.269252 47.466124, -122.269176 47.466226, -122.269104 47.466345, -122.26905 47.466454, -122.269007 47.466565, -122.268968 47.466703, -122.268941 47.466843, -122.26892 47.467011, -122.268792 47.468437, -122.268786 47.468619, -122.268788 47.468795, -122.268801 47.468995, -122.268821 47.469171, -122.268892 47.469565, -122.269435 47.472147, -122.269552 47.472626, -122.269695 47.473102, -122.269803 47.473418, -122.269921 47.473732, -122.270051 47.474043, -122.27019 47.474353, -122.270321 47.474623, -122.27046 47.47489, -122.270952 47.475779, -122.272679 47.478888, -122.27277 47.479064, -122.272847 47.479228, -122.272907 47.479375, -122.272958 47.479523, -122.273023 47.479759, -122.273067 47.479996, -122.27309 47.480213, -122.273095 47.480452, -122.273084 47.480647, -122.273065 47.480819, -122.272945 47.481554, -122.272912 47.481808, -122.272896 47.482082, -122.272909 47.482334, -122.272932 47.482487, -122.272966 47.48264, -122.273011 47.482792, -122.273066 47.482942, -122.273132 47.48309, -122.273209 47.483235, -122.273296 47.483378, -122.273397 47.483524, -122.273553 47.483716, -122.273717 47.48389, -122.273881 47.484043, -122.274102 47.484224, -122.274456 47.484483, -122.276285 47.485761)"
108822,"ST Light Rail","ST Light Rail","Seattle","Seattle",98134,98134,1019.655,1019.65539403694,"LINESTRING (-122.327357 47.587529, -122.327357 47.587857, -122.327352 47.588097, -122.327347 47.588167, -122.327339 47.588238, -122.327331 47.588291, -122.327315 47.588378, -122.327291 47.588479, -122.327256 47.588614, -122.327181 47.588896, -122.327132 47.589099, -122.327117 47.589184, -122.327107 47.589253, -122.327101 47.589321, -122.327094 47.589458, -122.327093 47.589595, -122.327093 47.590312)"
110181,"ST Light Rail","ST Light Rail","SeaTac","SeaTac",98198,98198,170.314,170.314163194057,"LINESTRING (-122.297747 47.424635, -122.29773 47.424707, -122.297708 47.42478, -122.297671 47.42493, -122.29765 47.425037, -122.297641 47.425096)"
110321,"University of WA Sta AcRd","University of WA Sta AcRd","Seattle","Seattle",98195,98195,198.958,198.958250001073,"LINESTRING (-122.303863 47.650067, -122.303847 47.649522)"
111881,"Transit Tunnel AcRd","Transit Tunnel AcRd","Seattle","Seattle",98104,98104,1594.448,1594.44800094435,"LINESTRING (-122.331845 47.603367, -122.331981 47.603517, -122.332627 47.604234, -122.333274 47.604949, -122.333929 47.605663, -122.334579 47.606376, -122.335228 47.607091)"
111885,"Intl District Station AcRd","Intl District Station AcRd","Seattle","Seattle",98104,98104,496.193,496.192858777081,"LINESTRING (-122.328071 47.598936, -122.328114 47.597576)"
115127,"Symphony Station","Symphony Station","Seattle","Seattle",98101,98101,302.376,302.376181622482,"LINESTRING (-122.335996 47.607639, -122.336638 47.608345)"
117913,"ST Light Rail","ST Light Rail","Seattle","Seattle",98134,98134,126.436,126.435525518919,"LINESTRING (-122.325956 47.577637, -122.325707 47.577599, -122.325457 47.57756)"
122090,"ST Light Rail","ST Light Rail","Seattle","Seattle",98195,98195,67.295,67.2952760330197,"LINESTRING (-122.303847 47.649522, -122.303884 47.649705)"
122928,"Symphony Station","Symphony Station","Seattle","Seattle",98101,98101,347.317,347.31698556247,"LINESTRING (-122.335228 47.607091, -122.335967 47.607902)"
122931,"Symphony Station","Symphony Station","Seattle","Seattle",98101,98101,224.679,224.678793576566,"LINESTRING (-122.335967 47.607902, -122.336445 47.608426)"
122935,"Transit Tunnel AcRd","Transit Tunnel AcRd","Seattle","Seattle",98104,98104,1396.456,1396.45595878494,"LINESTRING (-122.330859 47.602053, -122.330752 47.601932, -122.330628 47.601833, -122.330461 47.601718, -122.330265 47.601587, -122.330133 47.601493, -122.329302 47.600925, -122.328885 47.600644, -122.328481 47.600342, -122.32834 47.600228, -122.328245 47.600119, -122.328148 47.599958, -122.328079 47.599713, -122.328071 47.598936)"
123151,"ST Light Rail","ST Light Rail","Seattle","Seattle",98101,98101,365.934,365.933745063197,"LINESTRING (-122.334318 47.612508, -122.333051 47.61303)"
124069,"Transit Tunnel AcRd","Transit Tunnel AcRd","Seattle","Seattle",98104,98104,376.036,376.03620439351,"LINESTRING (-122.328071 47.596586, -122.327993 47.596587, -122.327941 47.596611, -122.327916 47.596656, -122.327917 47.597324, -122.327917 47.597437, -122.327918 47.597544)"
124166,"ST Light Rail","ST Light Rail","Seattle","Seattle",98101,98101,258.202,258.202157391639,"LINESTRING (-122.332727 47.613328, -122.331841 47.613704)"
124397,"ST Light Rail","ST Light Rail","Seattle","Seattle",98101,98101,134.875,134.874693489824,"LINESTRING (-122.332727 47.613328, -122.333051 47.61303)"
126107,"ST Light Rail","ST Light Rail","Seattle","Seattle",98134,98134,2321.052,2321.05223635092,"LINESTRING (-122.327093 47.590312, -122.327092 47.591513, -122.327091 47.592535, -122.327094 47.59274, -122.327103 47.592841, -122.327114 47.592912, -122.327133 47.592996, -122.327157 47.59308, -122.327199 47.593192, -122.327261 47.593331, -122.328005 47.595234, -122.32807 47.595421, -122.328112 47.595577, -122.328136 47.595724, -122.328145 47.595839, -122.328147 47.595951, -122.328138 47.596084, -122.328118 47.596223, -122.328096 47.596361, -122.328078 47.596493, -122.328071 47.596586)"
126109,"ST Light Rail","ST Light Rail","Seattle","Seattle",98195,98195,96.354,96.3540000021458,"LINESTRING (-122.303834 47.649043, -122.303826 47.648779)"
126110,"ST Light Rail","ST Light Rail","Seattle","Seattle",98101,98101,132.558,132.557795179526,"LINESTRING (-122.333156 47.613143, -122.332627 47.613207)"
126111,"ST Light Rail","ST Light Rail","Seattle","Seattle",98134,98134,140.324,140.323604755537,"LINESTRING (-122.327413 47.587912, -122.327357 47.587529)"
126227,"ST Light Rail","ST Light Rail","Seattle","Seattle",98122,98122,3988.943,3988.94332349335,"LINESTRING (-122.320266 47.618327, -122.320261 47.617845, -122.32027 47.617553, -122.320319 47.617246, -122.320406 47.616909, -122.320537 47.616568, -122.320712 47.616226, -122.320897 47.615938, -122.321186 47.61558, -122.321455 47.6153, -122.321829 47.61498, -122.322191 47.614722, -122.322593 47.614476, -122.322966 47.614281, -122.32334 47.614109, -122.32384 47.613924, -122.32429 47.613782, -122.324802 47.613661, -122.32532 47.613565, -122.325792 47.613507, -122.326224 47.613475, -122.326692 47.613467, -122.327207 47.613475, -122.327617 47.613509, -122.328077 47.613561, -122.328578 47.613652, -122.329051 47.61376, -122.329485 47.613862, -122.329786 47.613927, -122.330077 47.613967, -122.330274 47.61398, -122.330514 47.613982, -122.330747 47.613962, -122.330994 47.613932, -122.331285 47.613881, -122.331494 47.613827, -122.331704 47.613761, -122.331841 47.613704)"
126590,"ST Light Rail","ST Light Rail","Seattle","Seattle",98191,98191,367.164,367.163833158868,"LINESTRING (-122.334419 47.61261, -122.333156 47.613143)"
126812,"ST Light Rail","ST Light Rail","Seattle","Seattle",98195,98195,187.508,187.507513152483,"LINESTRING (-122.30366 47.648786, -122.303674 47.6493)"
126813,"ST Light Rail","ST Light Rail","Seattle","Seattle",98134,98134,125.379,125.379223650821,"LINESTRING (-122.325451 47.577603, -122.325956 47.577637)"
126814,"ST Light Rail","ST Light Rail","Seattle","Seattle",98101,98101,122.958,122.958198745461,"LINESTRING (-122.333051 47.61303, -122.332627 47.613207)"
126815,"ST Light Rail","ST Light Rail","Seattle","Seattle",98134,98134,110.027,110.026697891745,"LINESTRING (-122.327413 47.588214, -122.327413 47.587912)"
126816,"ST Light Rail","ST Light Rail","Seattle","Seattle",98101,98101,258.404,258.404389740738,"LINESTRING (-122.332627 47.613207, -122.331731 47.613575)"
126817,"ST Light Rail","ST Light Rail","Seattle","Seattle",98134,98134,2322.401,2322.40094711804,"LINESTRING (-122.328211 47.596605, -122.328214 47.596573, -122.328213 47.59654, -122.328203 47.595856, -122.328201 47.595815, -122.328197 47.595733, -122.32819 47.595652, -122.328181 47.595573, -122.328169 47.595493, -122.328158 47.595434, -122.328146 47.595375, -122.328132 47.595316, -122.328117 47.595257, -122.3281 47.595198, -122.328075 47.595118, -122.328048 47.595038, -122.328019 47.594958, -122.327989 47.594878, -122.327641 47.593938, -122.327382 47.593259, -122.327349 47.593174, -122.327319 47.593089, -122.327302 47.593032, -122.327286 47.592974, -122.327274 47.592916, -122.327262 47.592843, -122.327255 47.59277, -122.32725 47.592566, -122.327251 47.591511, -122.327252 47.590312, -122.327252 47.590312)"
126818,"ST Light Rail","ST Light Rail","Seattle","Seattle",98134,98134,3994.979,3994.97923070756,"LINESTRING (-122.327413 47.587912, -122.327418 47.581178, -122.327419 47.579103, -122.32742 47.578523, -122.327419 47.578449, -122.327416 47.578376, -122.327411 47.578322, -122.327403 47.578267, -122.327389 47.578213, -122.327371 47.578163, -122.327371 47.578163, -122.32736 47.578137, -122.327347 47.57811, -122.327332 47.578085, -122.327316 47.578059, -122.327298 47.578034, -122.32728 47.57801, -122.327259 47.577986, -122.327238 47.577962, -122.327215 47.577939, -122.327191 47.577917, -122.327166 47.577895, -122.327139 47.577874, -122.327111 47.577854, -122.327082 47.577834, -122.327053 47.577816, -122.327022 47.577797, -122.32699 47.57778, -122.326957 47.577764, -122.326923 47.577748, -122.326889 47.577734, -122.326853 47.57772, -122.326817 47.577707, -122.32678 47.577695, -122.326743 47.577684, -122.326717 47.577677, -122.326679 47.577668, -122.326627 47.577657, -122.326575 47.577648, -122.326522 47.57764, -122.326469 47.577633, -122.326416 47.577627, -122.326362 47.577622, -122.326309 47.577618, -122.326201 47.577611, -122.325963 47.577594)"
129400,"Westlake Sta AcRd","Westlake Sta AcRd","Seattle","Seattle",98101,98101,486.551,486.550801349295,"LINESTRING (-122.336129 47.61195, -122.334853 47.612481, -122.334419 47.61261)"
129592,"Transit Tunnel AcRd","Transit Tunnel AcRd","Seattle","Seattle",98104,98104,92.205,92.2046184394861,"LINESTRING (-122.32815 47.596356, -122.328211 47.596605)"
129625,"Pioneer Sq Sta AcRd","Pioneer Sq Sta AcRd","Seattle","Seattle",98104,98104,242.114,242.114212173811,"LINESTRING (-122.331331 47.602801, -122.331845 47.603367)"
131695,"Symphony Station","Symphony Station","Seattle","Seattle",98101,98101,269.704,269.703962892465,"LINESTRING (-122.335416 47.607012, -122.335764 47.607384, -122.335996 47.607639)"
131835,"Pioneer Sq Sta AcRd","Pioneer Sq Sta AcRd","Seattle","Seattle",98104,98104,294.638,294.637892767606,"LINESTRING (-122.330701 47.602115, -122.331331 47.602801)"
132664,"ST Light Rail","ST Light Rail","Seattle","Seattle",98134,98134,3832.43,3832.43028840942,"LINESTRING (-122.325956 47.577637, -122.326202 47.577654, -122.326358 47.577666, -122.326436 47.577673, -122.326514 47.577683, -122.326565 47.57769, -122.326615 47.5777, -122.326665 47.57771, -122.326702 47.57772, -122.326739 47.57773, -122.326787 47.577745, -122.326822 47.577758, -122.326857 47.577771, -122.32689 47.577785, -122.326923 47.5778, -122.326955 47.577817, -122.326986 47.577833, -122.327015 47.577851, -122.327044 47.57787, -122.327081 47.577895, -122.327107 47.577915, -122.327132 47.577936, -122.327156 47.577958, -122.327179 47.57798, -122.3272 47.578003, -122.32722 47.578026, -122.327238 47.57805, -122.327256 47.578074, -122.327271 47.578098, -122.327286 47.578124, -122.327298 47.578149, -122.327314 47.578184, -122.327326 47.578217, -122.327336 47.578252, -122.327344 47.578287, -122.32735 47.578322, -122.327355 47.578358, -122.327358 47.578393, -122.327361 47.578446, -122.327363 47.5785, -122.327363 47.57857, -122.327362 47.57911, -122.327361 47.581186, -122.327357 47.587529)"
132894,"ST Light Rail","ST Light Rail","Seattle","Seattle",98195,98195,92.189,92.1889722106896,"LINESTRING (-122.303843 47.649296, -122.303834 47.649043)"
135297,"ST Light Rail","ST Light Rail","Seattle","Seattle",98134,98134,140.816,140.815629890995,"LINESTRING (-122.324883 47.577564, -122.325451 47.577603)"
136094,"Northgate Sta Rail","Northgate Sta Rail","Seattle","Seattle",98125,98125,256.705,256.70459990673,"LINESTRING (-122.328221 47.702653, -122.328225 47.703357)"
136096,"ST Light Rail","ST Light Rail","Seattle","Seattle",98125,98125,437.596,437.596019663082,"LINESTRING (-122.328308 47.704365, -122.328311 47.704647, -122.328314 47.704779, -122.328327 47.704907, -122.328347 47.705038, -122.328378 47.705182, -122.328428 47.705361, -122.328495 47.705554)"
136332,"Northgate Sta Rail","Northgate Sta Rail","Seattle","Seattle",98125,98125,257.787,257.787314378739,"LINESTRING (-122.328396 47.703358, -122.328385 47.702651)"
136562,"ST Light Rail","ST Light Rail","Seattle","Seattle",98115,98115,1218.787,1218.78676753105,"LINESTRING (-122.328555 47.696781, -122.32869 47.697491, -122.32872 47.697663, -122.328739 47.697867, -122.328759 47.698084, -122.328766 47.698304, -122.328765 47.698471, -122.328759 47.698657, -122.328751 47.698832, -122.328732 47.699016, -122.328699 47.699219, -122.328539 47.700106)"
136567,"ST Light Rail","ST Light Rail","Seattle","Seattle",98115,98115,1222.188,1222.18811847896,"LINESTRING (-122.328607 47.70011, -122.328763 47.699253, -122.328791 47.699083, -122.328818 47.698892, -122.328834 47.698697, -122.328848 47.698428, -122.328848 47.698244, -122.328845 47.698055, -122.328834 47.697853, -122.328812 47.697655, -122.328788 47.697473, -122.328686 47.696773)"
136788,"Transit Tunnel AcRd","Transit Tunnel AcRd","Seattle","Seattle",98101,98101,1182.425,1182.4253545304,"LINESTRING (-122.336638 47.608345, -122.338319 47.610178, -122.338384 47.610266, -122.338447 47.610392, -122.338487 47.610509, -122.338489 47.610602, -122.338472 47.610691, -122.33844 47.610767, -122.33839 47.610834, -122.338302 47.610912, -122.338166 47.611007, -122.33797 47.611107)"
136789,"Transit Tunnel AcRd","Transit Tunnel AcRd","Seattle","Seattle",98101,98101,1103.311,1103.31074242641,"LINESTRING (-122.336445 47.608426, -122.338121 47.610256, -122.338221 47.610399, -122.338281 47.610545, -122.338281 47.610671, -122.338223 47.610787, -122.33813 47.610876, -122.338018 47.610958, -122.337907 47.611014)"
136790,"Pioneer Sq Sta AcRd","Pioneer Sq Sta AcRd","Seattle","Seattle",98104,98104,240.673,240.672858040068,"LINESTRING (-122.33149 47.602735, -122.332005 47.603295)"
136950,"ST Light Rail","ST Light Rail","Lynnwood","Lynnwood",98036,98036,8943.696,8943.69607233993,"LINESTRING (-122.316267 47.797731, -122.316277 47.798374, -122.316284 47.799063, -122.316287 47.799287, -122.316284 47.799437, -122.316265 47.799606, -122.316237 47.799747, -122.316182 47.799927, -122.316109 47.800103, -122.315993 47.800303, -122.315862 47.80049, -122.315721 47.800663, -122.315549 47.800833, -122.315383 47.800977, -122.315195 47.801135, -122.314792 47.801469, -122.313919 47.802195, -122.312988 47.802955, -122.312693 47.803202, -122.312284 47.803542, -122.311989 47.803763, -122.311569 47.804054, -122.311168 47.804302, -122.310821 47.804501, -122.310395 47.804735, -122.309813 47.805036, -122.308759 47.805605, -122.30723 47.806433, -122.306027 47.807072, -122.304781 47.80774, -122.303432 47.808455, -122.302291 47.809062, -122.300829 47.809837, -122.300349 47.810108, -122.300109 47.810268, -122.299774 47.810511, -122.299656 47.810605, -122.299446 47.810782, -122.299273 47.810938, -122.299115 47.81109, -122.298952 47.811266, -122.298775 47.81148, -122.298633 47.81167, -122.298532 47.811825, -122.298427 47.811992, -122.298346 47.812135, -122.297906 47.812959, -122.297622 47.813468, -122.297495 47.813651, -122.29737 47.813798, -122.297245 47.813934, -122.29703 47.814141, -122.296795 47.814337, -122.296586 47.814491, -122.296337 47.814639, -122.295348 47.81522, -122.294003 47.816, -122.293995 47.816004)"
136951,"ST Light Rail","ST Light Rail","Lynnwood","Lynnwood",98036,98036,142.786,142.786114015554,"LINESTRING (-122.293549 47.816325, -122.293063 47.816539)"
136959,"ST Light Rail","ST Light Rail","Lynnwood","Lynnwood",98036,98036,142.382,142.381792008786,"LINESTRING (-122.293163 47.816616, -122.293549 47.816325)"
137011,"Westlake Sta AcRd","Westlake Sta AcRd","Seattle","Seattle",98101,98101,488.044,488.043609616058,"LINESTRING (-122.335959 47.611765, -122.334669 47.612308, -122.334318 47.612508)"
137016,"Transit Tunnel AcRd","Transit Tunnel AcRd","Seattle","Seattle",98104,98104,357.762,357.762297346779,"LINESTRING (-122.328114 47.597576, -122.328137 47.597533, -122.328166 47.597478, -122.3282 47.597396, -122.328216 47.59732, -122.328222 47.597242, -122.328211 47.596605)"
137020,"Transit Tunnel AcRd","Transit Tunnel AcRd","Seattle","Seattle",98101,98101,1595.484,1595.48350720803,"LINESTRING (-122.332005 47.603295, -122.332146 47.603449, -122.332807 47.604158, -122.333458 47.604872, -122.334111 47.605585, -122.334764 47.606299, -122.335416 47.607012)"
137138,"ST Light Rail","ST Light Rail","Seattle","Seattle",98125,98125,775.638,775.63767854925,"LINESTRING (-122.328457 47.700536, -122.32832 47.70129, -122.328257 47.701657, -122.328233 47.7018, -122.328213 47.702065, -122.328221 47.702653)"
137364,"ST Light Rail","ST Light Rail","Seattle","Seattle",98125,98125,731.878,731.878194867724,"LINESTRING (-122.328518 47.700543, -122.328459 47.700878, -122.328423 47.701092, -122.328383 47.701434, -122.328375 47.701616, -122.328384 47.702544)"
137498,"Intl District Station AcRd","Intl District Station AcRd","Seattle","Seattle",98104,98104,507.801,507.801468369402,"LINESTRING (-122.327918 47.597544, -122.327919 47.598936)"
138082,"ST Light Rail","ST Light Rail","Seattle","Seattle",98103,98103,159.335,159.334961642211,"LINESTRING (-122.328518 47.700543, -122.328607 47.70011)"
138086,"ST Light Rail","ST Light Rail","Seattle","Seattle",98103,98103,75.666,75.6660071252618,"LINESTRING (-122.328607 47.70011, -122.328575 47.700196, -122.328528 47.70031)"
138319,"ST Light Rail","ST Light Rail","Seattle","Seattle",98103,98103,84.229,84.2292483474672,"LINESTRING (-122.328528 47.70031, -122.328468 47.700496, -122.328457 47.700536)"
138327,"ST Light Rail","ST Light Rail","Seattle","Seattle",98125,98125,39.029,39.0290384773146,"LINESTRING (-122.328384 47.702544, -122.328385 47.702651)"
138554,"ST Light Rail","ST Light Rail","Seattle","Seattle",98103,98103,84.736,84.7360624907116,"LINESTRING (-122.328528 47.70031, -122.328521 47.7005, -122.328518 47.700543)"
138555,"ST Light Rail","ST Light Rail","Seattle","Seattle",98103,98103,158.085,158.084741755912,"LINESTRING (-122.328457 47.700536, -122.328539 47.700106)"
138675,"ST Light Rail","ST Light Rail","Seattle","Seattle",98195,98195,5068.285,5068.28488996426,"LINESTRING (-122.31425 47.659932, -122.314264 47.659433, -122.31424 47.659174, -122.314206 47.658992, -122.314144 47.658798, -122.314065 47.658594, -122.313959 47.65842, -122.313824 47.65825, -122.313668 47.658085, -122.313471 47.657916, -122.313276 47.657777, -122.313086 47.657662, -122.312846 47.657555, -122.31259 47.657466, -122.3123 47.657383, -122.312016 47.65731, -122.311648 47.657235, -122.309208 47.656874, -122.30875 47.656808, -122.308381 47.656737, -122.308018 47.656654, -122.307689 47.656563, -122.307359 47.656457, -122.307068 47.656354, -122.306801 47.656247, -122.306555 47.656139, -122.306298 47.656009, -122.306051 47.655868, -122.305799 47.655715, -122.305523 47.655521, -122.305298 47.655344, -122.305073 47.655138, -122.304881 47.654946, -122.304701 47.65475, -122.304525 47.654528, -122.304373 47.654321, -122.304243 47.654113, -122.304124 47.653886, -122.304022 47.653678, -122.303937 47.653462, -122.303887 47.653264, -122.303847 47.653044, -122.303818 47.652823, -122.303805 47.652576, -122.303806 47.65242, -122.303823 47.65221, -122.303856 47.651985, -122.303884 47.651779, -122.303912 47.651558, -122.303927 47.651322, -122.303927 47.651105, -122.303863 47.650067)"
138676,"Roosevelt Sta Rail","Roosevelt Sta Rail","Seattle","Seattle",98115,98115,394.981,394.980762453123,"LINESTRING (-122.315832 47.676078, -122.315877 47.67716)"
138677,"ST Light Rail","ST Light Rail","Seattle","Seattle",98105,98105,5615.397,5615.3973021581,"LINESTRING (-122.316016 47.676078, -122.316012 47.675581, -122.315998 47.675338, -122.315972 47.675036, -122.315852 47.673926, -122.315763 47.673273, -122.315662 47.672577, -122.315561 47.672011, -122.314991 47.668805, -122.314492 47.66602, -122.314403 47.665505, -122.314351 47.665163, -122.314299 47.664804, -122.314268 47.664457, -122.314248 47.664138, -122.314254 47.660749)"
138678,"U District Sta Rail","U District Sta Rail","Seattle","Seattle",98105,98105,300.198,300.197754325471,"LINESTRING (-122.314013 47.659931, -122.314021 47.660754)"
138913,"ST Light Rail","ST Light Rail","Seattle","Seattle",98125,98125,163.213,163.212701668025,"LINESTRING (-122.328225 47.703357, -122.328228 47.703804)"
138915,"ST Light Rail","ST Light Rail","Seattle","Seattle",98115,98115,8139.707,8139.70748687624,"LINESTRING (-122.315877 47.67716, -122.315914 47.677705, -122.315943 47.677978, -122.315985 47.678221, -122.316056 47.678479, -122.316129 47.678709, -122.316239 47.67895, -122.31637 47.67922, -122.316496 47.679444, -122.316621 47.679628, -122.316768 47.679826, -122.316928 47.680012, -122.317114 47.680217, -122.317302 47.680412, -122.317534 47.680621, -122.317888 47.680916, -122.319789 47.682439, -122.32296 47.68498, -122.325171 47.686753, -122.325735 47.687214, -122.326118 47.68754, -122.326263 47.68769, -122.326409 47.687855, -122.326569 47.688053, -122.326841 47.688423, -122.327793 47.689772, -122.327952 47.690029, -122.328067 47.690247, -122.328169 47.690474, -122.328253 47.690692, -122.328319 47.690903, -122.328371 47.691114, -122.328409 47.69134, -122.328436 47.691654, -122.328457 47.694729, -122.328473 47.696014, -122.328484 47.696221, -122.328501 47.696418, -122.328524 47.6966, -122.328555 47.696781)"
138916,"ST Light Rail","ST Light Rail","Seattle","Seattle",98195,98195,315.389,315.389023880775,"LINESTRING (-122.303932 47.650567, -122.303919 47.65033, -122.303891 47.650208, -122.303884 47.649705)"
138917,"U District Sta Rail","U District Sta Rail","Seattle","Seattle",98105,98105,297.956,297.956026545643,"LINESTRING (-122.314254 47.660749, -122.31425 47.659932)"
138918,"Roosevelt Sta Rail","Roosevelt Sta Rail","Seattle","Seattle",98115,98115,394.101,394.101324620381,"LINESTRING (-122.316053 47.677158, -122.316016 47.676078)"
138919,"ST Light Rail","ST Light Rail","Seattle","Seattle",98195,98195,5061.566,5061.56607580984,"LINESTRING (-122.303696 47.650069, -122.303736 47.651145, -122.303721 47.651404, -122.303704 47.651595, -122.303665 47.651809, -122.303612 47.652141, -122.30359 47.65235, -122.303581 47.652636, -122.303592 47.652815, -122.303614 47.652994, -122.303653 47.653191, -122.303716 47.653423, -122.303796 47.653658, -122.303881 47.653847, -122.303976 47.654036, -122.304095 47.654248, -122.304242 47.654486, -122.304401 47.654701, -122.304576 47.654904, -122.304767 47.655104, -122.304964 47.655295, -122.305161 47.655468, -122.305357 47.655622, -122.305558 47.65576, -122.305765 47.655891, -122.305988 47.656025, -122.306211 47.656144, -122.306423 47.656244, -122.306668 47.656351, -122.306942 47.656466, -122.307215 47.656569, -122.307512 47.656672, -122.307841 47.65677, -122.308154 47.65685, -122.308477 47.656918, -122.308879 47.656993, -122.309253 47.657049, -122.311579 47.657388, -122.311919 47.657452, -122.312237 47.657528, -122.312482 47.657609, -122.312687 47.657682, -122.312892 47.657771, -122.313081 47.657879, -122.313242 47.657987, -122.313409 47.658126, -122.313537 47.658242, -122.313676 47.658397, -122.313776 47.658536, -122.313853 47.658669, -122.313913 47.658801, -122.313963 47.658945, -122.314001 47.659101, -122.314022 47.659249, -122.314026 47.659401, -122.314013 47.659931)"
138920,"ST Light Rail","ST Light Rail","Seattle","Seattle",98115,98115,8138.227,8138.22679855387,"LINESTRING (-122.328686 47.696773, -122.328662 47.696583, -122.328644 47.696398, -122.328635 47.696194, -122.328636 47.695797, -122.328623 47.69227, -122.328625 47.692001, -122.328617 47.691823, -122.328596 47.691478, -122.32858 47.691273, -122.32855 47.69109, -122.328513 47.690917, -122.328466 47.690742, -122.328405 47.690573, -122.328336 47.690405, -122.328232 47.690197, -122.328109 47.689977, -122.327976 47.689758, -122.327736 47.689399, -122.326917 47.688256, -122.326664 47.687918, -122.326496 47.687706, -122.326365 47.687572, -122.326159 47.687378, -122.325722 47.68701, -122.322976 47.684815, -122.319625 47.682131, -122.318416 47.681157, -122.318124 47.680916, -122.317846 47.680693, -122.31764 47.680517, -122.317456 47.680351, -122.317296 47.680189, -122.317132 47.68001, -122.316983 47.679836, -122.316844 47.679659, -122.31673 47.679496, -122.316627 47.679343, -122.316534 47.679184, -122.316441 47.679002, -122.316354 47.678813, -122.316275 47.678612, -122.316193 47.678356, -122.316141 47.678133, -122.3161 47.677912, -122.316075 47.677681, -122.316053 47.677158)"
138921,"ST Light Rail","ST Light Rail","Seattle","Seattle",98105,98105,5613.576,5613.57618410154,"LINESTRING (-122.314021 47.660754, -122.31403 47.663424, -122.314036 47.664122, -122.314052 47.664438, -122.314082 47.664752, -122.314124 47.665108, -122.314267 47.666049, -122.314772 47.668927, -122.315271 47.671713, -122.315464 47.672817, -122.315507 47.673069, -122.315552 47.673421, -122.315608 47.673896, -122.315706 47.674599, -122.315795 47.675402, -122.315815 47.675607, -122.315828 47.675785, -122.315832 47.676078)"
138922,"ST Light Rail","ST Light Rail","Seattle","Seattle",98125,98125,205.46,205.460182151606,"LINESTRING (-122.328228 47.703804, -122.328308 47.704365)"
139388,"ST Light Rail","ST Light Rail","Seattle","Seattle",98125,98125,160.83,160.830484569896,"LINESTRING (-122.328399 47.703799, -122.328399 47.703552, -122.328396 47.703358)"
139393,"ST Light Rail","ST Light Rail","Seattle","Seattle",98125,98125,207.815,207.815317211925,"LINESTRING (-122.328399 47.703799, -122.328308 47.704365)"
139395,"ST Light Rail","ST Light Rail","Seattle","Seattle",98125,98125,743.716,743.71641479873,"LINESTRING (-122.328663 47.70582, -122.328542 47.705482, -122.328503 47.705365, -122.32847 47.705245, -122.328441 47.705104, -122.328422 47.704991, -122.328407 47.70486, -122.328397 47.704723, -122.328399 47.703799)"
139456,"ST Light Rail","ST Light Rail","Lynnwood","Lynnwood",98036,98036,789.732,789.731570966011,"LINESTRING (-122.293063 47.816539, -122.292808 47.816685, -122.292619 47.816794, -122.292434 47.816881, -122.292233 47.816966, -122.291979 47.817047, -122.291754 47.817101, -122.291531 47.817144, -122.291378 47.817167, -122.291268 47.817174, -122.291096 47.817182, -122.290954 47.817184, -122.290119 47.817183)"
139457,"ST Light Rail","ST Light Rail","Lynnwood","Lynnwood",98036,98036,298.379,298.378840840645,"LINESTRING (-122.293163 47.816616, -122.294064 47.816104, -122.29409 47.816088)"
139458,"ST Light Rail","ST Light Rail","Lynnwood","Lynnwood",98036,98036,160.241,160.241277087945,"LINESTRING (-122.293549 47.816325, -122.293995 47.816004)"
139459,"ST Light Rail","ST Light Rail","Lynnwood","Lynnwood",98036,98036,158.566,158.565693133312,"LINESTRING (-122.29409 47.816088, -122.293549 47.816325)"
139629,"ST Light Rail","ST Light Rail","Seattle","Seattle",98125,98125,749.733,749.733198733374,"LINESTRING (-122.328228 47.703804, -122.328233 47.704578, -122.328246 47.704849, -122.328255 47.704967, -122.328265 47.705042, -122.328281 47.705119, -122.328303 47.705209, -122.32836 47.705401, -122.328401 47.705518, -122.32853 47.705838)"
139677,"ST Light Rail","ST Light Rail","Lynnwood","Lynnwood",98036,98036,300.825,300.825054330313,"LINESTRING (-122.293995 47.816004, -122.293063 47.816539)"
139678,"ST Light Rail","ST Light Rail","Lynnwood","Lynnwood",98036,98036,811.713,811.712890185796,"LINESTRING (-122.290108 47.817221, -122.291039 47.817228, -122.291189 47.817226, -122.29131 47.817224, -122.2914 47.817219, -122.291499 47.817209, -122.291607 47.817192, -122.291916 47.817138, -122.292187 47.817071, -122.292477 47.816975, -122.292629 47.816911, -122.292824 47.816807, -122.293021 47.816696, -122.293163 47.816616)"
139679,"ST Light Rail","ST Light Rail","Lynnwood","Lynnwood",98036,98036,8959.748,8959.74807279316,"LINESTRING (-122.29409 47.816088, -122.29482 47.815649, -122.295623 47.81519, -122.295856 47.815058, -122.296031 47.814948, -122.296207 47.814841, -122.296349 47.814747, -122.29654 47.814614, -122.29674 47.814464, -122.296913 47.814313, -122.297065 47.814178, -122.297223 47.814029, -122.297338 47.813899, -122.297411 47.813821, -122.297512 47.813697, -122.297653 47.813502, -122.297694 47.813445, -122.297795 47.813282, -122.298062 47.812783, -122.298442 47.812075, -122.298658 47.811729, -122.298738 47.811614, -122.298869 47.811447, -122.298995 47.811294, -122.299095 47.811186, -122.299201 47.811072, -122.299354 47.810929, -122.299565 47.810743, -122.29977 47.810577, -122.299889 47.810481, -122.300092 47.810329, -122.300335 47.810173, -122.30064 47.809994, -122.300866 47.80986, -122.301657 47.809443, -122.30267 47.808906, -122.303606 47.808416, -122.30434 47.808022, -122.304922 47.807709, -122.305884 47.807197, -122.306798 47.806706, -122.307774 47.806191, -122.308324 47.805894, -122.30958 47.80521, -122.310773 47.804582, -122.311131 47.804382, -122.311533 47.804128, -122.311798 47.803956, -122.312149 47.803706, -122.312456 47.803469, -122.312677 47.803289, -122.313118 47.802919, -122.313918 47.802258, -122.31434 47.801908, -122.314919 47.801417, -122.315346 47.801067, -122.315559 47.800878, -122.31572 47.800721, -122.315854 47.800575, -122.315937 47.800468, -122.316033 47.80032, -122.316094 47.800225, -122.316162 47.800092, -122.316224 47.799957, -122.316251 47.799867, -122.316285 47.799742, -122.316314 47.799618, -122.31633 47.79951, -122.316336 47.799437, -122.316337 47.799327, -122.316341 47.798649, -122.316339 47.797764, -122.316338 47.797729)"
140363,"ST Light Rail","ST Light Rail","Seattle","Seattle",98125,98125,6469.261,6469.26114873494,"LINESTRING (-122.323916 47.722779, -122.323916 47.722771, -122.323927 47.722329, -122.323937 47.722099, -122.323932 47.721857, -122.323926 47.721697, -122.323912 47.721463, -122.323898 47.721163, -122.323865 47.720781, -122.323839 47.720321, -122.323835 47.720077, -122.323843 47.719783, -122.323869 47.718981, -122.323886 47.718765, -122.323917 47.718466, -122.323957 47.718226, -122.324021 47.717941, -122.324082 47.717722, -122.324184 47.717415, -122.324332 47.717069, -122.324535 47.716672, -122.324801 47.716213, -122.325101 47.715819, -122.325756 47.714979, -122.326031 47.714607, -122.326124 47.714454, -122.326221 47.714296, -122.326293 47.714165, -122.326379 47.713997, -122.326774 47.713315, -122.326888 47.713141, -122.32703 47.712946, -122.327308 47.712595, -122.327693 47.712138, -122.328134 47.711578, -122.328389 47.71127, -122.328676 47.710801, -122.328804 47.710533, -122.328905 47.710298, -122.328979 47.710077, -122.329046 47.70982, -122.329098 47.709584, -122.329126 47.709387, -122.329151 47.709135, -122.329187 47.708319, -122.329194 47.707619, -122.329158 47.707333, -122.329099 47.707036, -122.329026 47.706737, -122.328974 47.706565, -122.328832 47.706136, -122.328663 47.70582)"
140364,"ST Light Rail","ST Light Rail","Seattle","Seattle",98125,98125,213.386,213.385754831563,"LINESTRING (-122.323894 47.723364, -122.323916 47.722779)"
140366,"ST Light Rail","ST Light Rail","Seattle","Seattle",98125,98125,106.642,106.642148054458,"LINESTRING (-122.323858 47.722776, -122.323859 47.722938, -122.323876 47.723067)"
140368,"ST Light Rail","ST Light Rail","Seattle","Seattle",98125,98125,108.116,108.116114071955,"LINESTRING (-122.323876 47.723067, -122.323888 47.723194, -122.323894 47.723364)"
140370,"ST Light Rail","ST Light Rail","Seattle","Seattle",98125,98125,108.081,108.080870303571,"LINESTRING (-122.323839 47.723362, -122.323845 47.723241, -122.323876 47.723067)"
140371,"ST Light Rail","ST Light Rail","Seattle","Seattle",98125,98125,105.797,105.79726453233,"LINESTRING (-122.323876 47.723067, -122.32389 47.722993, -122.323916 47.722779)"
140568,"ST Light Rail","ST Light Rail","Seattle","Seattle",98125,98125,214.117,214.116838597321,"LINESTRING (-122.323858 47.722776, -122.32385 47.723006, -122.323847 47.723228, -122.323839 47.723362)"
140570,"ST Light Rail","ST Light Rail","Seattle","Seattle",98125,98125,6460.238,6460.23790081047,"LINESTRING (-122.32853 47.705838, -122.328902 47.706802, -122.328969 47.706989, -122.329051 47.707365, -122.329077 47.7075, -122.329103 47.70773, -122.32911 47.707968, -122.32911 47.708147, -122.329105 47.708562, -122.329063 47.709184, -122.329041 47.709399, -122.329009 47.709643, -122.328956 47.709872, -122.328869 47.71018, -122.328814 47.710335, -122.328706 47.710586, -122.328578 47.710845, -122.328452 47.711056, -122.328338 47.711238, -122.328224 47.711382, -122.328039 47.711619, -122.327643 47.712113, -122.327164 47.712683, -122.327081 47.712793, -122.32683 47.713136, -122.326661 47.713398, -122.326441 47.71379, -122.326182 47.714247, -122.32584 47.714789, -122.325677 47.714995, -122.325385 47.715368, -122.325163 47.715651, -122.324881 47.716011, -122.32471 47.716263, -122.324572 47.716491, -122.324453 47.716691, -122.324361 47.71687, -122.324226 47.717167, -122.32411 47.717453, -122.323991 47.717827, -122.323912 47.718144, -122.323858 47.718448, -122.32383 47.718682, -122.323815 47.71888, -122.32379 47.719665, -122.32378 47.720028, -122.323781 47.720239, -122.323787 47.720416, -122.323836 47.721141, -122.323874 47.72176, -122.323875 47.72201, -122.323872 47.722378, -122.323858 47.722776)"
141656,"ST Light Rail","ST Light Rail","Seattle","Seattle",98103,98103,74.454,74.4536176125567,"LINESTRING (-122.328539 47.700106, -122.328535 47.700181, -122.328528 47.70031)"
142537,"ST Light Rail","ST Light Rail","Seattle","Seattle",98125,98125,5731.895,5731.89536781425,"LINESTRING (-122.32697 47.738648, -122.326622 47.738127, -122.326287 47.73759, -122.325934 47.737034, -122.325628 47.736541, -122.325363 47.73615, -122.324935 47.73547, -122.32472 47.735139, -122.324642 47.735017, -122.324337 47.734569, -122.324077 47.734152, -122.32396 47.733896, -122.323869 47.733616, -122.323817 47.733338, -122.323789 47.733106, -122.323773 47.732832, -122.323716 47.732017, -122.323714 47.731224, -122.323705 47.730705, -122.323719 47.730153, -122.323744 47.729106, -122.323803 47.725903, -122.323835 47.725024, -122.32385 47.724584, -122.323877 47.723825, -122.323894 47.723364)"
142538,"ST Light Rail","ST Light Rail","Shoreline","Shoreline",98155,98155,195.323,195.322689008241,"LINESTRING (-122.327277 47.739142, -122.326974 47.738654, -122.32697 47.738648)"
142539,"ST Light Rail","ST Light Rail","SeaTac","SeaTac",98158,98158,801.54,801.540344463137,"LINESTRING (-122.296861 47.444061, -122.296821 47.443505, -122.296755 47.441865)"
142540,"ST Light Rail","ST Light Rail","Seattle","Seattle",98118,98118,14933.92,14933.9200439462,"LINESTRING (-122.282499 47.53987, -122.283002 47.540845, -122.285222 47.54544, -122.28583 47.546651, -122.287222 47.549564, -122.289359 47.553978, -122.290044 47.555495, -122.290171 47.55575, -122.290912 47.556972, -122.292426 47.559366, -122.296473 47.565759, -122.296614 47.565997, -122.296712 47.566201, -122.296797 47.566428, -122.296854 47.566638, -122.29689 47.566851, -122.296906 47.567085, -122.296834 47.568479, -122.296856 47.570551, -122.296818 47.573304, -122.296807 47.573863, -122.296788 47.574824, -122.29679 47.57498, -122.296801 47.575104, -122.296823 47.575227, -122.296856 47.57535, -122.296899 47.575471, -122.296992 47.575662, -122.297111 47.575848, -122.298162 47.577231, -122.298244 47.577328, -122.298307 47.577392, -122.298399 47.577475, -122.298486 47.577543, -122.298579 47.577607, -122.298679 47.577667, -122.298784 47.577723, -122.29891 47.577781, -122.299126 47.577861, -122.299356 47.577924, -122.299553 47.577963, -122.300131 47.578061)"
142541,"ST Light Rail","ST Light Rail","Mountlake Terrace","Mountlake Terrace",98043,98043,101.651,101.6505286007,"LINESTRING (-122.316267 47.797731, -122.316298 47.797453)"
142542,"ST Light Rail","ST Light Rail","Shoreline","Shoreline",98155,98155,99.523,99.52268809944,"LINESTRING (-122.32721 47.739164, -122.32709 47.738903)"
142544,"ST Light Rail","ST Light Rail","Mountlake Terrace","Mountlake Terrace",98043,98043,198.818,198.817750292974,"LINESTRING (-122.316259 47.797186, -122.316261 47.797389, -122.316267 47.797731)"
142545,"ST Light Rail","ST Light Rail","SeaTac","SeaTac",98158,98158,165.36,165.360040139553,"LINESTRING (-122.296646 47.441865, -122.296709 47.442316)"
142689,"ST Light Rail","ST Light Rail","Shoreline","Shoreline",98155,98155,22159.252,22159.2517215869,"LINESTRING (-122.316324 47.797186, -122.316314 47.796804, -122.316316 47.796499, -122.31633 47.79619, -122.316354 47.795845, -122.316376 47.795635, -122.316418 47.79534, -122.316515 47.794859, -122.316693 47.793992, -122.316757 47.793642, -122.316794 47.793385, -122.31682 47.793163, -122.316835 47.792957, -122.316851 47.792631, -122.316864 47.792197, -122.316899 47.791771, -122.316922 47.791315, -122.316931 47.790837, -122.316928 47.790714, -122.316907 47.790586, -122.31686 47.790431, -122.316816 47.790278, -122.316757 47.790139, -122.316681 47.790006, -122.316599 47.789868, -122.316489 47.789727, -122.316355 47.789563, -122.316232 47.789422, -122.316122 47.789286, -122.31579 47.788875, -122.315719 47.788769, -122.315646 47.788636, -122.315566 47.788457, -122.3155 47.788295, -122.315248 47.787535, -122.314921 47.786568, -122.314887 47.786332, -122.314878 47.786158, -122.314859 47.784766, -122.314847 47.784047, -122.31485 47.783862, -122.314872 47.783647, -122.314916 47.783491, -122.314991 47.7833, -122.315125 47.78309, -122.315371 47.782721, -122.315702 47.782221, -122.315909 47.781893, -122.316005 47.781724, -122.316101 47.781578, -122.316201 47.781368, -122.316288 47.781161, -122.316411 47.780852, -122.316484 47.78062, -122.316536 47.780437, -122.316584 47.780239, -122.316643 47.77995, -122.31676 47.77937, -122.316958 47.778422, -122.31716 47.777418, -122.317364 47.776396, -122.317521 47.775668, -122.317586 47.775437, -122.317656 47.775222, -122.317757 47.77497, -122.317852 47.774744, -122.317981 47.774497, -122.318144 47.774202, -122.318378 47.77387, -122.318664 47.773505, -122.318936 47.773139, -122.319234 47.772765, -122.31958 47.772322, -122.319829 47.771999, -122.32042 47.771256, -122.320626 47.770979, -122.321059 47.770422, -122.321252 47.770137, -122.321385 47.769905, -122.321564 47.769573, -122.32168 47.769332, -122.321765 47.769121, -122.321863 47.768835, -122.321937 47.768543, -122.321997 47.768272, -122.322112 47.767791, -122.322198 47.767378, -122.322429 47.766343, -122.322547 47.76573, -122.322724 47.764965, -122.322815 47.764503, -122.322953 47.763864, -122.323025 47.76364, -122.323096 47.763375, -122.323196 47.762965, -122.323372 47.762446, -122.323606 47.762042, -122.323756 47.761823, -122.324027 47.761506, -122.324456 47.76104, -122.324946 47.760479, -122.325578 47.759774, -122.326253 47.75902, -122.326641 47.758597, -122.327388 47.757751, -122.327862 47.757233, -122.328001 47.757057, -122.32813 47.756904, -122.328281 47.756699, -122.328389 47.756541, -122.32846 47.756441, -122.328831 47.755775, -122.329051 47.755398, -122.329241 47.755027, -122.329352 47.754753, -122.32945 47.754476, -122.32954 47.754152, -122.329608 47.753866, -122.329659 47.753525, -122.32968 47.753291, -122.329689 47.753071, -122.329678 47.752784, -122.329656 47.752514, -122.329626 47.752293, -122.329581 47.752057, -122.329476 47.75166, -122.329375 47.751357, -122.329315 47.751195, -122.329267 47.751078, -122.328989 47.750414, -122.328782 47.749909, -122.328641 47.749494, -122.328546 47.749126, -122.328463 47.748598, -122.328452 47.74831, -122.328459 47.748016, -122.328471 47.747711, -122.328523 47.747304, -122.328616 47.746992, -122.328731 47.746587, -122.32901 47.745752, -122.329256 47.745043, -122.329327 47.744775, -122.329354 47.744698, -122.329404 47.744456, -122.329445 47.744174, -122.32946 47.743889, -122.329446 47.743633, -122.329422 47.743296, -122.329374 47.743028, -122.329305 47.742759, -122.329241 47.742553, -122.329139 47.742296, -122.329052 47.74208, -122.328915 47.74182, -122.328705 47.741436, -122.328556 47.741164, -122.328114 47.74047, -122.327618 47.739691, -122.327277 47.739142)"
142692,"ST Light Rail","ST Light Rail","Mountlake Terrace","Mountlake Terrace",98043,98043,100.913,100.912950400201,"LINESTRING (-122.316338 47.797729, -122.316298 47.797453)"
142693,"ST Light Rail","ST Light Rail","Mountlake Terrace","Mountlake Terrace",98043,98043,97.672,97.6717668517855,"LINESTRING (-122.316324 47.797186, -122.316298 47.797453)"
142694,"ST Light Rail","ST Light Rail","Mountlake Terrace","Mountlake Terrace",98043,98043,12247.825,12247.825300928,"LINESTRING (-122.322626 47.764823, -122.322154 47.76734, -122.321868 47.768596, -122.321745 47.769015, -122.321592 47.76939, -122.32141 47.769762, -122.321265 47.770021, -122.320924 47.770522, -122.320365 47.771244, -122.319417 47.772448, -122.318562 47.773554, -122.318341 47.773844, -122.318089 47.774225, -122.317946 47.774455, -122.317778 47.774783, -122.317659 47.77507, -122.317567 47.775307, -122.31751 47.775493, -122.317391 47.775969, -122.31724 47.776723, -122.316967 47.778053, -122.316735 47.779212, -122.31668 47.779481, -122.316472 47.780486, -122.316384 47.780786, -122.31629 47.78104, -122.316171 47.781322, -122.31604 47.781594, -122.315778 47.782018, -122.315578 47.78232, -122.315386 47.78261, -122.314975 47.783222, -122.314874 47.783406, -122.314795 47.783599, -122.314742 47.783788, -122.314709 47.783971, -122.314696 47.784137, -122.314695 47.784306, -122.314704 47.784793, -122.314715 47.785859, -122.314748 47.786138, -122.314803 47.786416, -122.31495 47.786876, -122.31526 47.787771, -122.315453 47.788344, -122.315556 47.7886, -122.31568 47.788803, -122.315745 47.788902, -122.316242 47.789507, -122.316476 47.789783, -122.316637 47.790023, -122.31674 47.790249, -122.316812 47.790483, -122.316853 47.790661, -122.316884 47.790838, -122.316874 47.791153, -122.316819 47.792072, -122.31677 47.792998, -122.316724 47.79344, -122.316639 47.793933, -122.316446 47.794846, -122.316361 47.795326, -122.316315 47.795616, -122.316295 47.79579, -122.316258 47.79635, -122.316253 47.796593, -122.316259 47.797186)"
142833,"ST Light Rail","ST Light Rail","SeaTac","SeaTac",98188,98188,1243.261,1243.26111967649,"LINESTRING (-122.297056 47.447466, -122.297054 47.447286, -122.297043 47.44673, -122.29703 47.446485, -122.297014 47.446206, -122.296922 47.444909, -122.296875 47.444255, -122.296861 47.444061)"
142834,"ST Light Rail","ST Light Rail","SeaTac","SeaTac",98158,98158,156.912,156.912358528099,"LINESTRING (-122.296861 47.444061, -122.296767 47.443635)"
142835,"ST Light Rail","ST Light Rail","Seattle","Seattle",98118,98118,6792.885,6792.8851264955,"LINESTRING (-122.279526 47.521664, -122.279306 47.522487, -122.278822 47.524303, -122.278772 47.524661, -122.278777 47.525001, -122.278837 47.525358, -122.278962 47.525728, -122.2803 47.528399, -122.280463 47.52882, -122.280575 47.529272, -122.280612 47.529536, -122.280628 47.529836, -122.280741 47.535862, -122.280789 47.536279, -122.280892 47.53667, -122.280972 47.536884, -122.281082 47.53712, -122.28154 47.538008, -122.282499 47.53987)"
142836,"ST Light Rail","ST Light Rail","Mountlake Terrace","Mountlake Terrace",98043,98043,97.918,97.9181765441434,"LINESTRING (-122.316259 47.797186, -122.316298 47.797453)"
142837,"ST Light Rail","ST Light Rail","SeaTac","SeaTac",98158,98158,165.186,165.186340332035,"LINESTRING (-122.296709 47.442316, -122.296755 47.441865)"
142838,"ST Light Rail","ST Light Rail","Seattle","Seattle",98118,98118,197.219,197.218958835083,"LINESTRING (-122.282822 47.540365, -122.282499 47.53987)"
142839,"ST Light Rail","ST Light Rail","SeaTac","SeaTac",98188,98188,6146.977,6146.9766162615,"LINESTRING (-122.297641 47.425096, -122.29761 47.425421, -122.297605 47.425719, -122.297595 47.42601, -122.297603 47.42629, -122.297639 47.426935, -122.297742 47.428728, -122.297858 47.430535, -122.297896 47.431261, -122.297915 47.431918, -122.29791 47.432367, -122.297886 47.432945, -122.29783 47.433594, -122.29777 47.43411, -122.297673 47.434721, -122.297499 47.435869, -122.297416 47.436349, -122.297359 47.436644, -122.297274 47.436901, -122.296968 47.437717, -122.296788 47.438175, -122.296683 47.438515, -122.296632 47.438812, -122.296592 47.439225, -122.296582 47.439633, -122.296591 47.440103, -122.296617 47.440592, -122.296625 47.44094, -122.296646 47.441865)"
142840,"ST Light Rail","ST Light Rail","Shoreline","Shoreline",98155,98155,97.682,97.6817917478065,"LINESTRING (-122.32709 47.738903, -122.326904 47.738666)"
142841,"ST Light Rail","ST Light Rail","SeaTac","SeaTac",98158,98158,806.592,806.591716898632,"LINESTRING (-122.296646 47.441865, -122.296651 47.442056, -122.296667 47.442657, -122.296709 47.444076)"
142842,"ST Light Rail","ST Light Rail","Shoreline","Shoreline",98155,98155,196.366,196.365681620084,"LINESTRING (-122.326904 47.738666, -122.32721 47.739164)"
142843,"ST Light Rail","ST Light Rail","Shoreline","Shoreline",98155,98155,97.687,97.6869468294643,"LINESTRING (-122.32709 47.738903, -122.32697 47.738648)"
142844,"ST Light Rail","ST Light Rail","SeaTac","SeaTac",98158,98158,481.312,481.311874135891,"LINESTRING (-122.296709 47.442316, -122.296767 47.443635)"
142845,"ST Light Rail","ST Light Rail","Shoreline","Shoreline",98155,98155,9909.734,9909.73394066108,"LINESTRING (-122.32721 47.739164, -122.327216 47.739173, -122.327567 47.739748, -122.327969 47.740369, -122.328467 47.741157, -122.328797 47.741737, -122.328931 47.741973, -122.329063 47.742242, -122.329177 47.742539, -122.329276 47.742865, -122.329327 47.743095, -122.329357 47.743349, -122.329369 47.743741, -122.329383 47.744182, -122.329299 47.744673, -122.329215 47.744989, -122.329013 47.745523, -122.328815 47.746171, -122.328566 47.746912, -122.328459 47.747298, -122.328409 47.747678, -122.328383 47.748092, -122.328395 47.748497, -122.328425 47.748798, -122.328522 47.749284, -122.328628 47.749655, -122.32885 47.750246, -122.329018 47.750643, -122.32926 47.751204, -122.329352 47.75144, -122.329401 47.751615, -122.32948 47.751901, -122.329539 47.752173, -122.329573 47.752377, -122.329604 47.752661, -122.329615 47.752925, -122.329619 47.753114, -122.329609 47.753326, -122.329585 47.753545, -122.32955 47.753795, -122.329505 47.754018, -122.329352 47.754569, -122.329317 47.754695, -122.329174 47.75503, -122.329021 47.75533, -122.328858 47.755612, -122.328332 47.756542, -122.327837 47.757187, -122.327767 47.757259, -122.327114 47.757987, -122.326303 47.758893, -122.325766 47.759504, -122.325463 47.759837, -122.324621 47.76078, -122.323852 47.761644, -122.323626 47.761949, -122.323473 47.762166, -122.32331 47.762465, -122.323131 47.762958, -122.322818 47.764062, -122.322626 47.764823)"
142846,"ST Light Rail","ST Light Rail","Seattle","Seattle",98118,98118,14720.787,14720.7867331602,"LINESTRING (-122.300149 47.577996, -122.299627 47.577928, -122.299442 47.577897, -122.299322 47.57787, -122.299201 47.577837, -122.299086 47.577802, -122.298986 47.577762, -122.298876 47.577714, -122.298756 47.577654, -122.298657 47.577597, -122.29855 47.577526, -122.298463 47.57746, -122.298372 47.57738, -122.2983 47.577306, -122.298219 47.577211, -122.297168 47.575828, -122.29705 47.575644, -122.296958 47.575453, -122.29692 47.575348, -122.296887 47.575226, -122.296865 47.575103, -122.296854 47.57498, -122.296852 47.574825, -122.296871 47.573854, -122.296882 47.573296, -122.29692 47.570607, -122.296899 47.568474, -122.296909 47.568177, -122.296965 47.567298, -122.296971 47.567122, -122.296964 47.566945, -122.296943 47.566768, -122.296909 47.566593, -122.29686 47.566419, -122.296806 47.566266, -122.296741 47.566114, -122.296665 47.565966, -122.296573 47.565809, -122.292492 47.55936, -122.290884 47.556816, -122.290356 47.555951, -122.290189 47.555653, -122.290088 47.555443, -122.28961 47.554374, -122.28942 47.553965, -122.288153 47.551331, -122.287283 47.549551, -122.285891 47.546638, -122.285283 47.545426, -122.283063 47.540831, -122.282822 47.540365)"
142972,"ST Light Rail","ST Light Rail","SeaTac","SeaTac",98188,98188,1239.233,1239.23321226232,"LINESTRING (-122.296709 47.444076, -122.296715 47.444213, -122.29677 47.444916, -122.296866 47.446057, -122.296871 47.446131, -122.296873 47.446223, -122.296882 47.446326, -122.296897 47.446471, -122.296939 47.446781, -122.296959 47.446915, -122.296969 47.446982, -122.296978 47.447067, -122.296984 47.447155, -122.296989 47.447236, -122.296994 47.447467)"
142973,"ST Light Rail","ST Light Rail","Shoreline","Shoreline",98155,98155,98.423,98.4228283833493,"LINESTRING (-122.327277 47.739142, -122.32709 47.738903)"
142974,"ST Light Rail","ST Light Rail","SeaTac","SeaTac",98158,98158,161.412,161.412165549516,"LINESTRING (-122.296767 47.443635, -122.296726 47.443887, -122.296709 47.444076)"
142975,"ST Light Rail","ST Light Rail","Seattle","Seattle",98118,98118,6979.631,6979.63066821465,"LINESTRING (-122.282822 47.540365, -122.281602 47.537996, -122.281143 47.537106, -122.28102 47.536836, -122.28095 47.536646, -122.280894 47.536454, -122.280851 47.53626, -122.280822 47.536065, -122.280808 47.535901, -122.280802 47.535732, -122.280691 47.529779, -122.280667 47.529454, -122.280615 47.529144, -122.280569 47.528955, -122.280512 47.528767, -122.280435 47.528557, -122.280356 47.528373, -122.279148 47.525979, -122.279056 47.525785, -122.278996 47.525632, -122.278946 47.525477, -122.278907 47.525321, -122.278878 47.525164, -122.278858 47.524966, -122.278856 47.524768, -122.27887 47.52457, -122.278901 47.524373, -122.278952 47.524168, -122.279209 47.523292, -122.27942 47.522508, -122.279642 47.521678)"
146479,"ST Light Rail","ST Light Rail","SeaTac","SeaTac",98188,98188,6145.687,6145.68727677423,"LINESTRING (-122.296755 47.441865, -122.296687 47.440147, -122.296672 47.439597, -122.296671 47.439208, -122.296709 47.438879, -122.296776 47.438469, -122.296878 47.438096, -122.297114 47.437488, -122.297303 47.436977, -122.297406 47.436671, -122.297476 47.436398, -122.297519 47.436179, -122.29781 47.434309, -122.297862 47.433889, -122.297907 47.433494, -122.297963 47.432765, -122.297983 47.432203, -122.297975 47.431679, -122.297943 47.430789, -122.297862 47.429391, -122.297669 47.426266, -122.297665 47.425871, -122.297687 47.425369, -122.297702 47.425096)"
146481,"ST Light Rail","ST Light Rail","Seattle","Seattle",98125,98125,5738.6,5738.60049109596,"LINESTRING (-122.323839 47.723362, -122.323804 47.724014, -122.323781 47.724812, -122.323755 47.725591, -122.32373 47.726434, -122.323719 47.727096, -122.323705 47.727937, -122.323694 47.728544, -122.323682 47.729255, -122.323665 47.730217, -122.323658 47.731099, -122.323646 47.731862, -122.323647 47.731994, -122.323667 47.732299, -122.323692 47.7326, -122.323745 47.733246, -122.323756 47.733344, -122.323786 47.733512, -122.323829 47.733665, -122.323866 47.733792, -122.323995 47.734087, -122.324072 47.734256, -122.324178 47.734426, -122.32432 47.734695, -122.32451 47.735026, -122.324859 47.735589, -122.325295 47.73625, -122.325696 47.736899, -122.325965 47.737298, -122.326292 47.737747, -122.32662 47.738208, -122.32686 47.738595, -122.326904 47.738666)"
146482,"ST Light Rail","ST Light Rail","Mountlake Terrace","Mountlake Terrace",98043,98043,197.926,197.925718731776,"LINESTRING (-122.316338 47.797729, -122.316324 47.797186)"
147215,"Transit Tunnel AcRd","Transit Tunnel AcRd","Seattle","Seattle",98104,98104,1415.715,1415.71495824214,"LINESTRING (-122.327919 47.598936, -122.327928 47.599195, -122.327934 47.599729, -122.327952 47.599858, -122.327989 47.599968, -122.328076 47.600136, -122.328185 47.600275, -122.328329 47.600394, -122.328724 47.600679, -122.329112 47.600938, -122.330058 47.601603, -122.330387 47.601826, -122.330525 47.601937, -122.330701 47.602115)"
147217,"Pioneer Sq Sta AcRd","Pioneer Sq Sta AcRd","Seattle","Seattle",98104,98104,293.36,293.360237662358,"LINESTRING (-122.330859 47.602053, -122.33149 47.602735)"
